﻿<?xml version="1.0" encoding="utf-8"?>
<Windows>  <!-- 安装目录 -->
  <VerticalLayout bkcolor="#FFFFFFFF">
    <VerticalLayout width="100" height="100" bkimage="file='form\postcat.png'" padding="125,74,0,16">
    </VerticalLayout>
    <VerticalLayout>
      <Label font="6" padding="150,0,0,40" bold="true" text="Postcat" />
      <HorizontalLayout height="22" padding="90,0,100,44">
        <Text textcolor="#FF333333" text="Path：" />
        <Text name="editDir" text="" />
        <Control width="10" />
        <Button name="btnSelectDir" width="28" height="22" textcolor="#FF005EFF" text="Edit" />
      </HorizontalLayout>
      <Control />
      <CheckBox visible="false" name="chkAgree" width="125" heigh="20" font="7" text="我已经阅读并认可" textcolor="#FF333333" selected="true" valign="center" align="left" textpadding="20,0,0,0" normalimage="file='public/CheckBox/check_no.png' dest='0,2,16,18'" normalhotimage="file='public/CheckBox/check_no.png' dest='0,2,16,18'" selectedimage="file='public/CheckBox/check_yes.png' dest='0,2,16,18'" selectedhotimage="file='public/CheckBox/check_yes.png' dest='0,2,16,18'"/>
      <Button name="btnInstall" roundcorner="5,5" padding="135,0,0,50" width="80" height="33" bkcolor="#FFFF7433" font="6" textcolor="#FFFFFFFF" text="Install" />
    </VerticalLayout>
  </VerticalLayout>
</Windows>
