﻿<?xml version="1.0" encoding="utf-8"?>
<Windows>  <!-- 安装目录 -->
  <VerticalLayout bkcolor="#FFFFFFFF">
    <Include source="logo.xml" />

    <VerticalLayout>
      <HorizontalLayout height="22" padding="90,0,100,44">
        <Label width="30" textcolor="#FF333333" text="Path：" />
        <Control width="6" />
        <Label name="editDir" text="" endellipsis="true" tooltiptext="悬浮提示" />
        <Control width="10" />
        <Button name="btnSelectDir" width="28" height="22" textcolor="#FF005EFF" text="Edit" />
      </HorizontalLayout>
      <Control />
      <CheckBox visible="false" name="chkAgree" width="125" heigh="20" font="7" text="我已经阅读并认可" textcolor="#FF333333" selected="true" valign="center" align="left" textpadding="20,0,0,0" normalimage="file='public/CheckBox/check_no.png' dest='0,2,16,18'" normalhotimage="file='public/CheckBox/check_no.png' dest='0,2,16,18'" selectedimage="file='public/CheckBox/check_yes.png' dest='0,2,16,18'" selectedhotimage="file='public/CheckBox/check_yes.png' dest='0,2,16,18'"/>
      <Button name="btnInstall" borderround="4,4" padding="135,0,0,50" width="80" height="33" bkcolor="#FFFF7433" font="6" textcolor="#FFFFFFFF" text="Install" />
    </VerticalLayout>

    <Include source="closeToolbar.xml" />
  </VerticalLayout>
</Windows>
