﻿<?xml version="1.0" encoding="utf-8"?>
<Windows>
  <!-- 完成 -->
  <VerticalLayout bkcolor="#FFFFFFFF">
    <VerticalLayout width="100" height="100" bkimage="file='form\postcat.png'" padding="125,74,0,16">
    </VerticalLayout>
    <VerticalLayout>
      <Label font="6" padding="150,0,0,100" bold="true" text="Postcat" />
      <Button name="btnRun" padding="135,0,0,50" font="6" text="开始使用" bkcolor="0xFF3BD02C" textcolor="0xFFFFFFFF" borderround="4,4" height="33" width="80" />
    </VerticalLayout>

    <Include source="closeToolbar.xml" />
  </VerticalLayout>
</Windows>
